alphaChoice,alphaComp,betaAgency,betaBandit,agencyBonus
0.538995069606803,0.869864242906618,7.30069424644725,4.22462266872809,0.337782636083539
0.335880256240993,0.762899748492609,5.39412421852822,9.75503154820103,-0.425836127116322
0.782399747508829,0.091683597203164,8.95649619007669,0.618262114017181,0.342007488236575
0.267463488695079,0.727983543524957,8.24230284600615,1.18809562442063,0.407667107262937
0.305400136783914,0.757532945460976,4.7361708262049,9.32932891255106,0.472641860368848
0.57930500711612,0.173095975680844,6.10091655939901,9.51906091803115,-0.410544733331501
0.651908883740081,0.150247343554795,8.78236442222461,3.9032279789579,-0.49505053413812
0.983110172388048,0.00837027263896621,5.38770706089157,9.68226616830662,0.180086933359343
0.140675639764654,0.938771428457572,1.16957519391542,8.93684223313817,0.465862532165296
0.756937390168983,0.271917495703326,5.00264481580045,9.40206134322536,0.133034143969357
0.985941957965613,0.405323852632162,6.20503217356385,2.00529706265594,-0.398657839647276
0.388862779851567,0.791459126878007,6.13815630894742,0.358874606993599,-0.463549320422124
0.807425890065788,0.00299390094707688,4.15300816665968,8.70444403783392,-0.242842832524907
0.324335152468812,0.774529406903385,2.25384876983916,7.1313809919127,0.332344501996278
0.801770210213623,0.192525992925642,5.04787984905854,0.260226051303513,-0.277783110549125
0.346925652661262,0.821331797423245,8.67143690261611,1.13134925337867,-0.496176916639076
0.725528813325975,0.350880054253808,0.852823367685786,8.56572246241621,0.413873755121478
0.277590132703072,0.92526038605115,0.723980634261342,6.43499065582942,-0.295547717955377
0.186589874475973,0.847693264340778,4.94370294589877,1.19682265601376,0.23452904087141
0.0970525292927208,0.474827634054807,6.89341688683867,3.57176615821028,-0.326026931176344
0.993707307079226,0.454054831873298,8.34712972566104,4.04050985002064,0.426254272061038
0.965718672027873,0.30342188928847,9.95088072446883,0.255084059260869,0.319785601970394
0.414777977315021,0.728329927316329,0.421686038073929,3.49591454223785,-0.121139587737553
0.0479758031194309,0.662638426738328,2.05884463840122,7.31737549534127,-0.325756523079201
0.34363531036425,0.917681113903643,0.124899430746137,9.98473544929541,-0.363393529322047
0.152834844701775,0.938288126353445,7.61866576019574,3.30226044719578,0.329730904056285
0.344490711501795,0.874346313546519,9.72137111645323,0.246702526023026,-0.248029771595459
0.639076484416184,0.104492266240882,2.95971716650559,8.35055568553817,-0.422879780642225
0.0922911796855177,0.651264318886852,8.22760567850088,5.14061059926107,-0.456901066207541
0.000665156702741693,0.531467259417705,1.85882980754642,7.27424479782385,-0.216559093210633
0.453844412934392,0.0667921106355068,3.43561057792314,7.77448234636029,0.163467469531647
0.517449064895277,0.0542288521352209,4.64585685532664,1.3514993464681,0.257321385065864
0.723675748625018,0.140947609230781,9.03980113613439,5.04825850897441,-0.132459233456058
0.402704442860623,0.87726154432077,0.491931455366158,5.32928888550062,-0.482156930927145
0.180487857537909,0.496085246688421,8.80646008357231,3.58735750125265,-0.484949614753544
0.332964236064428,0.012180720015824,4.07820894040588,9.15525151849111,0.291898767653072
0.968157677016747,0.0165037717947318,0.549367537142644,4.63045467431585,0.199704284443257
0.174386711410385,0.661168827522108,9.13086255769462,5.95911413484407,-0.143506054187288
0.926227926484102,0.448448393542496,0.219528797876212,5.77426136235081,-0.398612357321477
0.284644086140187,0.596772440152389,8.17364152452948,0.900378038213027,-0.340377703950183
0.566561641715598,0.905064066812565,1.08594376601129,5.28109676370501,0.172773028933533
0.00492024007745654,0.661780072068553,2.35582969823141,6.03499968529348,0.354485096205225
0.942969054523261,0.550560657635652,8.8377465381945,0.508585103723938,0.474284188346856
0.652198335586445,0.1101720969106,3.91107139988856,9.30173500233739,-0.155321780255083
0.242169779127999,0.618502638581027,1.738168196693,6.25122015680065,-0.386549301062051
0.437347748083945,0.86022540816433,8.23344276073622,3.79503758653735,0.325332892588126
0.576165035377071,0.0442895921076757,9.63939175452502,2.23458591862212,0.489409300972443
0.690491973067501,0.353786960243556,4.7811847596127,8.88162970751717,-0.278746341490204
0.358116510365155,0.986462199943074,2.20908354272618,8.10160734834477,-0.147473535078242
0.932550860344394,0.0477938852844817,7.94970747922438,3.93427470283884,0.348845928065336
0.360142304206168,0.854514114979801,1.05816413587588,7.41771083349542,-0.2493765211689
0.60427039721139,0.979159090183177,6.75268103001129,1.58779116485162,0.279383235408298
0.517097115894205,0.0529316622351155,4.283542302864,7.38611565803982,0.462074370870089
0.931557493079259,0.135392630038262,3.66344425433857,7.03807920404134,0.180606460038986
0.202323939897593,0.782469939997612,0.811430142244783,9.29732947476356,0.119538435578064
0.0332428641378319,0.828623349930713,6.36978863466291,1.91456876639192,-0.153433627593525
0.00861171320619246,0.372973787895483,0.514289179522231,4.77520509712283,0.124037845684574
0.871113098726125,0.193353772573893,4.20110550105398,0.241709881997725,-0.183384258228994
0.167442380554127,0.538558262376505,5.28786354576401,8.72335386071552,0.30030742738228
0.571201884151037,0.170028629892725,2.88324837993289,6.96240099600909,-0.213396868148386
0.123221171366906,0.942051394271276,8.2995956163374,0.513724473602859,0.115617133937539
0.0211730073452613,0.98672780041813,2.9244794967148,6.98062002127554,-0.304583834609027
0.921228367714922,0.299614000482427,9.29111287321271,3.59530623439646,-0.101224384503864
0.369247106721409,0.714829044193689,9.71360599176317,6.14330703674059,-0.240733989386463
0.222680064131545,0.912761922084079,4.91994853039895,0.375262535906993,-0.241160336974638
0.451858982249186,0.808538876891511,6.89522331680434,2.35350101704376,-0.342489889669176
0.130267396735485,0.441568912511319,4.59791985246221,8.92604913554921,-0.441837237174904
0.236148585270201,0.709395626035043,8.71619844403447,3.94518063165201,-0.207960824964771
0.80506064176103,0.274152786606874,0.536209290058178,8.19884943204414,0.453916378156512
0.480018910254464,0.799288834880222,8.10150923613701,3.13055040638599,0.293166273111728
0.240950303088143,0.66593527345913,0.652402531143954,6.33565738292464,0.473383308067282
0.277414974710902,0.950711017695751,1.02866867231182,5.71962099888328,0.371256606012275
0.596938626809249,0.289148558823945,9.89529034381155,0.928437483576445,0.493946647954263
0.413181942467171,0.715571159757907,6.56775541437139,9.86241891307964,0.235777487064384
0.221307934593297,0.565381550202059,6.1672741697154,1.46898565812263,0.20532829267837
0.297531510845043,0.861064067829715,5.41348523273917,2.35240348229775,0.464740824578904
0.305834667673309,0.968541740051556,0.345458897198147,6.9803576115452,0.273506913413104
0.615107960733472,0.92080846291879,7.63631543561733,0.520915379279672,0.44094453430147
0.40231476693363,0.716485797700961,7.98067559654518,2.30517025756779,0.216346434366707
0.578306960130634,0.975300989285968,6.91744813570554,0.918730423433328,0.365397102855001
0.277753983697942,0.929280966342295,5.54753141600699,1.41718284144126,0.396350542145569
0.365379479753651,0.783368050889664,3.0966350742301,7.63031538425622,-0.238202965528717
0.025759352330923,0.518406987155485,5.71134029321318,2.49700945814326,-0.284263181066076
0.0518094697304789,0.60574599658418,9.47708099750044,1.71483799457935,-0.164087391263203
0.37510567909835,0.998846530121112,9.41625926359915,6.03889657805948,0.170604912284428
0.586415119733668,0.059337386179462,1.09386464368052,5.86949460167765,-0.256090651591287
0.30919674801199,0.676241630373029,3.0509175818122,8.45881293601712,-0.382606442066545
0.827524348299259,0.505384134305094,8.70655001650542,3.02878534112899,0.144425136848517
0.661538343500303,0.269947106201207,4.73120632087069,0.882094644052855,0.34553910460128
0.359865484469413,0.891446025929921,6.96447571408161,0.593311201907821,0.105779685817716
0.331383850325616,0.0155712968415244,0.147431209256183,3.43248679256214,0.410346475891734
0.999764801427031,0.0301644483802512,7.82188725063569,0.671435191535094,0.205382128196275
0.833653365998473,0.472277231251527,5.82006759172225,0.545668308711415,-0.238349834916035
0.281234016888922,0.751639922830247,5.75443590763765,2.07461120061858,0.298727458409201
0.386609651642804,0.797314043169582,2.50857092569952,9.79001434767813,0.23082970660323
0.852127632146015,0.155098818336774,3.3407630159213,9.70593283586295,-0.356519819194768
0.236368102941411,0.825394689658405,7.99207458838544,1.41644717312625,0.317030786956572
0.679665289641585,0.170084641576016,5.83244146183755,0.237607607747031,-0.217859308960047
0.358831596889235,0.935998898712194,6.86056494282141,3.77092418445884,-0.397173925314748
0.583287473656823,0.906710554910606,6.16273153011606,1.87885166473346,0.174968855067829
0.330749696864464,0.645654871468009,1.49796577419296,6.84213489170969,0.210357696620447
0.527830958260121,0.136532217850463,0.471734171660361,5.18710183822479,0.223778371109593
0.0448384420489177,0.655344663935009,6.39303032950244,2.58336234276734,-0.386973921868863
0.225118946308535,0.781393599281014,4.64177081048077,1.35874560045596,-0.140872415097053
0.347358987461664,0.874834807279798,3.0643228864475,9.26565660928952,-0.28464435981574
0.762295848379665,0.377944575578501,3.95916438226093,7.22893744156906,0.45281787856714
0.0142410222771655,0.996681813027991,7.24254976151075,1.207473057582,0.380956212801076
0.0923182057081963,0.392833788698832,4.05992693443075,8.24446584820697,-0.187854108133529
0.37571623160126,0.90006401701777,9.19176205472184,1.42118339393174,-0.274680399134613
0.0190362212730818,0.557271391842305,0.077619129328243,7.17173868792149,0.476259713201685
0.592867088320067,0.200298645678794,4.22673398482548,1.05536167909918,0.41890932079931
0.678179219778076,0.0128807189028494,0.815172435859944,9.89995164674475,-0.46458495633704
0.845421088443323,0.431953643220855,0.439189127799199,5.93156731725178,-0.119372826542432
0.914342046408333,0.3480529488418,7.22517995983917,3.72627194269097,0.39895473721238
0.888324685497457,0.334879339237569,1.71917876924815,9.93296633532369,-0.204186091202535
0.248954396470709,0.822116216120847,6.68844735812208,3.50294938645649,0.261656477754992
0.800145051257302,0.0890266331796309,5.68208430007625,2.49154992821372,0.481790057995046
0.0745762680043227,0.956151155740484,2.92461126147835,8.91022645700044,0.325159593989148
0.884089753714211,0.392536336048937,1.71254982743354,9.59300173771045,-0.426868251534828
0.0245174941126297,0.941723110562108,2.7325434068466,9.99989736994142,0.338682202013582
0.933491085886254,0.08436657677763,7.1793792800824,2.28898483598933,-0.323823449784677
0.665676758708281,0.166667180869522,8.76347335218323,5.00856154879266,0.302299820055717
0.566414314480427,0.00348707756483067,7.53463483676493,2.90608265180712,0.29126444124273
0.687591998553526,0.0518475161596948,0.356095497606305,7.66850775390139,-0.405135951949188
0.921128353118947,0.339390470867567,5.65459393300924,0.853299583753692,-0.421894116298017
0.166364643783486,0.474894198121464,5.66935285429053,0.846461373412117,-0.493464991558026
0.945079958195275,0.523519938584915,2.40481268816358,9.18804779720952,0.444162817853945
0.615289564308138,0.0494288645910823,0.615005786423297,4.53452455911575,-0.142822259362647
0.22313516133754,0.931608336531375,8.43518117591396,1.1605067302177,0.261817108469238
0.952297948208061,0.0256037138847515,9.93892968028235,1.06589790695686,-0.461688464430653
0.865797310128581,0.14839707348467,6.06423917161151,0.487281823065973,-0.425008393384394
0.464794750000406,0.829928232999709,5.74978611632672,0.269504298795193,0.329694810257965
0.9667308102865,0.121239484606556,6.74200505709299,0.982062123479753,0.156763489684077
0.216918955615682,0.736966281651091,5.57911504325488,8.87904293496045,0.133578886255272
0.728966983091107,0.328206978160457,8.8967531808637,2.19611185531005,-0.386824867040087
0.680178771652208,0.243559956329764,5.85033893755955,0.248036064627559,-0.31794813266151
0.133376088405911,0.994376002258671,8.06481975412586,4.8990848288241,0.25303548638061
0.986084265956662,0.324942158774701,0.181914023754291,3.74374384953383,0.152920559879764
0.807663052976459,0.312919598175235,5.33879425362703,0.265126870192108,-0.407843381150537
0.471962352161716,0.86559742408387,7.3697180551999,1.80155726259347,-0.448265792017664
0.853227129604917,0.455924536159616,3.77357081608347,8.18159037387673,0.228919819554334
0.247878197857635,0.866438325141951,0.361612624940793,4.4662659200162,-0.240967085694817
0.913014930088987,0.403088800315941,0.747084985718912,9.99262307490318,-0.174750967818412
0.0142487122197088,0.542144309229348,9.71435371229912,3.61925931525783,-0.465204419340136
0.631067269979065,0.955513970726037,6.37842749144115,2.61617544766067,-0.363213990860744
0.420324443245521,0.986052332677984,3.24757553845312,8.59798194075832,-0.150637027877627
0.350133258371447,0.019332796994162,6.83809946831232,2.12729439864851,-0.309490481795772
0.320514269826012,0.815674213929019,4.73403195187237,0.00307024253532349,-0.395322260652542
0.427681550691953,0.829922878219801,9.02955733280255,0.874998071081864,-0.29556251267163
0.403782963175282,0.973168438576098,4.65656533405255,9.84812339429806,-0.34485945244777
0.019798578282712,0.930529337370755,3.6514558802289,6.66517302329359,0.164972063546079
0.851060957803724,0.119788319145645,8.92373996808088,1.39269813745564,0.250220169252703
0.176161536679106,0.841945170132001,8.54902336379145,1.97440654007568,0.481198825125894
0.0583047703042686,0.993549980938892,6.29014480812434,1.2593869990896,0.38745924521207
0.519169838995851,0.819552515826354,4.83886626776246,9.60938069892697,-0.424643103816162
0.163186387822466,0.620773844717932,0.280676291681062,5.83821234294895,0.462724947323542
0.0801540775746436,0.942422721439003,7.70422343232374,3.82659680964809,-0.452403902065162
0.187445026284465,0.863044689730213,8.29353990888279,4.86267022293466,0.177298578579835
0.336653848273084,0.00893995064074631,0.636641336889692,9.77141701564422,-0.216145687777555
0.911527590214621,0.127788552008422,1.22601502101733,6.74213798777475,0.450166888889796
0.729271870073557,0.329093302966917,6.08853872754715,1.31448593700289,0.274656318557765
0.237714756990222,0.893922639306533,1.03561933439382,6.26955985056279,-0.117344248265488
0.0636359653797012,0.94886453726856,3.77629398769116,8.19290767510518,0.242838054849546
0.239087065023167,0.994158089227717,0.326595868714789,7.13356255789964,0.370214084452546
0.966217913200606,0.0441700644616266,7.39887862382754,0.948274245936783,0.390649352656181
0.985281194631096,0.252952932798893,1.948164328933,8.61319097900789,0.126145990621624
0.84115275717048,0.259357795973243,5.81091721559862,1.5352510457543,0.1287498626951
0.449323278471211,0.755663440048564,4.08087212211082,7.27464239017468,0.340023737517181
0.200919300530588,0.551110956146958,6.17818165940089,0.279918873374275,-0.125919593779519
0.0657425416399096,0.751015379361191,4.33372425415591,7.84336117012611,0.147385100478269
0.135631287861894,0.902398705249534,7.9704007939072,4.55618311005525,-0.458245978446939
0.585903557116701,0.178882533185481,1.11150561352219,8.8382707132031,-0.177974904405669
0.354024952318385,0.79617820950542,1.42403600600091,5.17270730997602,-0.157576382126911
0.757160504886616,0.040345590120315,4.27553319736519,0.237087881689456,-0.258016580729931
0.0150007780838827,0.933825081128251,4.43830424689778,0.647172055515001,-0.200226215360091
0.795699243201533,0.244476442138341,6.96766222643466,0.0475804758018864,0.370783533078134
0.82921778863488,0.0848787220982005,1.63823356735767,9.46273919000283,0.199853930748169
0.197395565994897,0.668607226408045,8.72065974693852,3.45805667687415,0.302313350013186
0.0629013346240198,0.453099146684041,0.694463912502755,4.20865935130008,-0.148896856316785
0.11466760589513,0.767901070424706,0.979987667926708,4.62626964264702,0.451346455429539
0.10691873284752,0.952756087142777,2.33195980676091,7.99758171949101,0.480629403351671
0.486385502876821,0.848694735346204,1.09652169401235,6.74089600679106,-0.424673079688933
0.454136203918738,0.913855873014154,1.29785183347865,4.64613565576145,-0.210914927505835
0.537127022286841,0.212748609429162,8.17677154472837,4.13686444907531,-0.214698453765167
0.795249836429751,0.110126842450406,9.19578260596445,5.52408224615003,0.46294567942192
0.947065123661395,0.221584825525164,0.259460439986136,4.81348822322016,0.311404765427548
0.811011490067966,0.266635674400578,7.75429237869115,2.82287692089351,-0.298051277214867
0.172452523121109,0.519596215542598,0.283963416067167,4.24824434470331,0.482310533046163
0.11602811777039,0.846823407672943,7.96110597412042,4.48065566851123,-0.268071836171885
0.046831866740325,0.400453036221918,8.91161876073227,2.24947213430075,0.417363156478445
0.252732122700352,0.774986608288054,7.81955355364615,1.52820390833385,0.459715538841256
0.029728773728394,0.591229341983824,9.35079903993596,1.06140198762426,0.431191597102473
0.607702931156644,0.153665005499704,9.27960511825459,2.95365273153431,0.320734600555285
0.602365143755892,0.0355759449325704,0.302693867009873,9.91461822331501,0.261246995984762
0.48416610312594,0.798626336515932,8.37535327733162,0.0634516826012709,-0.362332086169838
0.985368622288994,0.254685520773071,9.72655915824528,0.748486119011257,0.261340893195785
0.211246530452186,0.780100614098106,6.69358449813452,1.18789822616364,0.453471989915209
0.683348689597374,0.184182246589997,7.73809619392995,0.115902599115039,0.144702619770527
0.806650413913957,0.125190230570597,7.9270579212303,3.47030015980949,0.473597555988803
0.439623024999896,0.849019560261251,3.79889644515873,9.78627764176374,-0.311935200830271
0.761259031020971,0.218308058145741,1.03082135909958,6.50118438245164,0.206349122057991
0.140546085569412,0.919849886830525,9.14540777360239,5.82397985570317,0.158771403797563
0.273995173110379,0.93051578967584,3.51575575741667,7.46893742550315,0.433246138097018
0.895452019961937,0.419901282155383,1.60209215018672,9.78390844114197,-0.358840519575812
0.26032278896839,0.865194447469902,4.49047586026696,9.08681035061961,0.182492141994158
0.42086661963351,0.790047224206994,8.17703891914947,1.19977373160527,0.476471282439353
0.0893322492144873,0.492725590020719,8.26174628605445,2.03115990899917,-0.433853061196049
0.909183154380113,0.224259287419875,8.07091685545717,3.35574587841303,0.458674922388969
0.146582634813773,0.943662673287311,6.46110962586731,9.71878402268209,-0.150676027425574
0.722987993790892,0.263383170958223,9.01840479707528,5.91119348186145,-0.424572501757722
0.846575793738566,0.257278165544143,4.05556427684397,0.593598803969406,-0.448837409740504
0.400076465046003,0.827803492372593,5.96839988806162,2.16456294673024,0.488688096674002
0.893673462699802,0.297484631625109,8.85311106700726,4.00585842888681,-0.41141611703481
0.691809517865629,0.313913530932345,3.41229467194834,8.61163136987675,-0.272275432344557
0.245813979254312,0.951060860906901,4.1875618362993,9.28687937487205,0.239650978854666
0.260265802278526,0.954808074123417,7.17294551351842,3.89207700635519,0.423420121229204
0.608091463324129,0.261602412900459,3.29876679661629,7.63130354624698,0.323450843382147
0.115211659093569,0.727096659588268,1.1112575151986,4.77503835864918,-0.311787942398305
0.975699578811086,0.43012133656848,7.43710439194266,3.7920574622134,0.119481512507464
0.301075915692254,0.979405255440342,9.67410890095888,1.28745318489473,0.489265246605494
0.150080017305494,0.983041684728837,7.5617654852625,0.818655329571058,-0.360854567325804
0.832832059350503,0.154157279501606,8.48332754714024,1.36580592651821,0.12053448255596
0.925534961175611,0.564271383601741,3.34461032938988,0.154532538311617,-0.22051251417526
0.0702738717278272,0.578982308295648,3.24973165074955,6.47713735977643,0.172146328138463
0.809463893550506,0.195022610699851,3.56743772663263,7.39172105177872,-0.403933546869995
0.434309621920685,0.891242787534178,8.49806030416725,0.298589496900412,0.383661146615635
0.560047281579432,0.252455400479429,2.05719050713948,7.37740565928652,0.439790390212733
0.843799520115924,0.0485971768310496,5.07033574206084,0.0197689362627695,0.293380652560343
0.843562700235364,0.0136819926343026,9.01480559034038,0.763948762328453,0.331475926732718
0.0100437321602486,0.819367914666818,8.52226434071371,4.35397233856701,-0.18036311141601
0.75416288466022,0.201000318318029,4.84150569598018,0.267135450250046,0.335214647649487
0.963107714147067,0.511625421761948,4.76823604761153,7.90868299039312,0.269072426686708
0.211631303123652,0.981793274898683,5.49966364558648,2.33728739322206,-0.389702218510862
0.903226210463819,0.104063425357591,0.0768771567060946,7.6301096398088,-0.478727225534434
0.965992139486527,0.466491630650341,1.44602882844145,4.90946081581379,-0.156948329366486
0.804519284715125,0.353526014633751,8.73226912782834,2.354445560771,0.188113730004876
0.58261741954537,0.0662091544372452,3.11490872350441,6.18524627659538,-0.141943112117693
0.633115613871081,0.988622642459697,1.80624436931562,8.8565660088047,0.210260804852744
0.964903977414638,0.386787470703085,2.70729310434655,5.79608579891286,-0.42504665884093
0.811963162956083,0.487337268904955,6.32061180166913,0.0680941793745855,0.196510277985121
0.626983251877527,0.93708480809996,3.73058332389475,6.85870631186858,-0.373623036905699
0.256216545518362,0.701798890447954,8.99292580610766,2.25449094411313,0.40534827800411
0.182300164640558,0.512315293812636,0.541836793237835,7.84170491702068,0.404873501642037
0.720598256890979,0.132741403525142,3.763046184102,7.73132001891595,0.24939598083237
0.112309767290306,0.789067808045337,6.50762917746643,0.429888368046788,-0.399612289224036
0.524918040620545,0.154644434083084,0.909058354865416,8.46366789588057,0.447473008039028
0.46211430771373,0.0884932935123238,1.51357439587086,7.15843894464294,-0.241806155039706
0.675555135935727,0.229402930487644,6.30507794941766,1.98632965349985,-0.179138581186741
0.00199363532920819,0.973213354221949,9.87208193680562,5.77107997782518,0.411933899427613
0.187434552275215,0.534834287659685,9.91715294927247,1.86852836566134,-0.256228108566878
0.0795726749956596,0.830429526892655,9.11907260467864,4.3294438049881,0.256615833475794
0.961634476567742,0.180355453005177,1.70518471618541,7.56089867622421,0.408236249403334
0.848003413412933,0.350903365019281,2.81896284859627,9.89270521932573,-0.272987933585376
0.030230106632996,0.72191093707689,0.147144709578412,6.19171951173965,0.215721877845305
0.899613152813018,0.404425923308148,8.24417019337578,4.55313574588839,-0.486495010707265
0.0137139974445794,0.401062226195978,1.91819443498583,6.97585206289842,0.318645516492744
0.660085765696446,0.358873839768453,3.92940963407931,7.68931468800456,-0.355792114403668
0.874540956655329,0.49477587431966,7.17337177539993,3.56803388115984,0.377891446227977
0.859140508065537,0.239306121457161,8.04223583780757,0.00442850842765902,0.280827626567337
0.475282597585439,0.114489342951223,3.66450409784804,9.23712221851284,0.151416208979914
0.163551431060637,0.464999753004405,0.0596851655458113,4.57753963801424,0.308111829294848
0.678510719909168,0.994100144770071,0.133448404905055,7.76518186951758,-0.439930442068773
0.97919476753156,0.53988340178008,5.8203069082301,0.648347804323377,0.101483376912038
0.158883816669999,0.742362094759253,2.58532228549123,6.71278990336045,0.246018781240286
0.10535247537935,0.89222337914077,9.92469101735727,0.152063276650089,-0.282838779108102
0.157033566030194,0.752938102637052,0.473991727804287,9.8907712598341,-0.328645375713842
0.456559428967709,0.0341487474817487,1.29189872501421,8.85813814426374,0.438579772925326
0.311634574848945,0.850874169517168,5.49942493395235,2.35760968550232,-0.455834860892611
0.280748427480115,0.64047891174669,4.01182491942715,9.8493729684577,0.282992569020833
0.887144647002757,0.155184387163168,9.92735563538213,4.62918643121979,-0.487755801207007
0.0447120957269437,0.827283607258161,9.62467562389514,4.95216763375286,0.313317091359854
0.719114716736882,0.105965506070216,1.45623730698747,9.9979081850388,-0.275606982972413
0.603225535293239,0.962394371365822,9.58280236289513,5.39776501112621,-0.239523615911548
0.414432406755041,0.880910087170504,6.37748801821427,1.38964231051623,-0.461253567959971
0.972642176969809,0.0577924684126394,9.66795163463619,2.43808217528973,-0.34753685814223
0.432450014241948,0.859677025316935,8.35746910462312,1.75396040806706,-0.473525813808758
0.288622862312036,0.936792834695898,7.23056025934331,3.53185849864203,0.347608604066954
0.213606035489904,0.934092534694152,1.20305346865288,5.45906469075402,-0.437759180930078
0.790035273463171,0.146472765096233,4.95151748060382,9.26255476962259,-0.280741368972986
0.077023332604346,0.753766156376888,0.818050416038614,7.02965200970888,0.318188516809598
0.187408589145509,0.970669410085253,9.88036311356552,0.751206231831912,-0.360789452146621
0.167795462180192,0.693069787474859,5.62399256311244,1.87226049808302,-0.476485308781648
0.0562043315425731,0.807563680847742,0.449178867322039,5.8503915143794,0.152330030249293
0.175072469269425,0.792637915583647,0.115778625430576,3.96954625128465,0.494322825228315
0.708332056370672,0.206237160567166,0.353639259783699,8.56697518199091,0.472626441884098
0.176716238295204,0.911486942268816,0.822689679100113,8.94698936590815,-0.417714391093685
0.440139338249642,0.742078965370202,4.09508168312196,7.29292044507247,-0.137226433722021
0.18422921767555,0.902910920070566,7.01766245486417,0.550298017397938,0.268857820005657
0.565988030127397,0.187551983047646,7.85169315130933,1.97151333656933,0.102575724995404
0.123149396335571,0.995843424050678,3.13972061258036,7.11466875761983,0.172792355490177
0.00708069705568551,0.560689444758516,1.8895631437672,6.99085219766095,-0.170949546320635
0.762985418872388,0.239018178922039,0.413671415184188,4.17940975884556,0.287404572197046
0.128885859715239,0.620565996581471,2.49025426643256,6.7580334568295,-0.406523229482901
0.829730853265254,0.191579871763705,3.49258067026697,9.65756045231934,0.474517306260359
0.580495981637036,0.0671520307611791,3.30413879664444,9.43805954639386,0.462480736632567
0.904063828641127,0.301297362774304,5.70181835421693,1.75823590606856,0.326729531633791
0.125458697119241,0.843624919561117,4.68355255941009,9.27359319739229,0.150765065440108
0.0252442610240404,0.883399436963226,9.29871468576763,5.75028932341761,0.394542392882283
0.190313795904251,0.556978883685709,5.2529562372639,0.201161404906983,-0.459660936904965
0.439561450554586,0.026824139235137,7.37641351500461,2.37656008041457,-0.315319613886726
0.641965800046948,0.0164718178543854,6.33098678950723,2.87281427503085,-0.187202376700606
0.283600653754294,0.608871517741289,6.63760433849429,0.745637888635162,0.426129469042056
0.215056633422178,0.800209668900151,5.87179262337469,2.45968683687253,-0.445234251055054
0.105170707026793,0.631631598305449,4.98428638414936,1.08632003052289,-0.166883707661906
0.0939776991411924,0.681483377350485,0.963838188026142,9.38826427677235,-0.347300222020462
0.310914904245543,0.72200548662632,8.5734468523961,1.88923401666215,0.303765654867797
0.836241012850085,0.524375602986053,5.7691797229099,9.88277531894135,-0.31274791383426
0.102345444752181,0.871904932394542,8.55327562671186,1.92542587488729,-0.135828156414997
0.0614811492477666,0.987912728256522,2.34913548803061,7.40228078768504,-0.361212854948036
0.275236955015434,0.968548360345864,8.942512595386,2.83250955015842,0.432090844817812
0.844237691541365,0.45261870387939,4.98382742469078,8.57082070027017,0.223584763775731
0.88238228726435,0.431055672463595,8.75147738137606,0.686604490875882,0.106457208584309
0.987614499292895,0.202427025192001,5.97183235004937,0.614519890587965,-0.140238433308887
0.242097676710841,0.687579641599043,6.34967198676233,9.8862868631476,-0.298267171310386
0.450299957120412,0.977853182974923,2.16624125314871,9.08211522325288,0.124342448536732
0.741588069263445,0.332989811188153,7.80226903297038,4.42188975112345,0.126565865392997
0.457005806913754,0.805920690793207,3.18618506649289,8.16416509756034,0.273342540625404
0.337269298312547,0.947752378177019,3.64840725332872,9.68626601942861,0.345336614453463
0.341777347458362,0.696201977091676,7.51664251381962,2.31133452764982,0.235426541742752
0.822193469356772,0.520566585834328,5.99570135787434,9.85791145056958,-0.298835571306438
0.799626057653193,0.388340386747877,7.90532965509858,2.721944610454,0.439666739936802
0.53209237669495,0.871918842044585,2.92265535593239,7.01944646411166,-0.151860516574248
0.982975843998695,0.643837402162977,3.49140612998317,8.34359562956273,0.108674189270025
0.919937468450094,0.559150865167744,3.04394344313747,6.77152224117542,-0.262587909568808
0.794040703939268,0.16257603936803,0.528888654202171,6.03452123264996,0.232506401954282
0.855083056491733,0.252107176243809,6.1098176850648,2.30309923817725,-0.452857032180201
0.418646154175369,0.831760694769129,6.931162919795,2.47885574959121,-0.193966157208255
0.962080732670407,0.656240980847994,0.742032240165099,8.98442272428741,-0.266458401420207
0.619878009449358,0.987109312572015,2.9554043816389,6.38012261184997,0.474472920409406
0.344293169135533,0.659643202709671,6.73090060041184,3.5849334337409,0.385079381345916
0.759833494712283,0.440215741986429,0.454065514248798,9.53664232277845,0.289546822597955
0.458881723339361,0.134054478321117,7.39505597410494,2.54067840528337,0.198608274058305
0.381174799592669,0.0600465695192875,4.07677223606344,8.03536924699562,-0.273183420696659
0.397143422110811,0.905631504474186,9.26552150649791,4.92591319311918,0.165534734690691
0.222462080996239,0.55925988125885,0.0446729517670136,5.3824074404142,0.261830493380722
0.126710404655634,0.713870856422627,3.103413373185,6.18846375326693,-0.119599670770577
0.401913759031804,0.878173546154453,0.843866620767752,6.48243542132978,0.241072858493543
0.74246043021457,0.388040086630386,0.710880197365448,4.72370459413844,0.356352991080812
0.152818262785023,0.556617479575547,4.08719730408095,0.52568063407229,-0.467034488579863
0.417764837304296,0.853783078820176,8.64116127131482,4.55593675007776,0.464618991279257
0.0830924111467242,0.894734666276807,0.514493367451968,7.28792556909157,-0.468383364467955
0.0968457317394616,0.965831787011906,4.28503419915874,8.24441630971686,-0.429341217403918
0.904931695569606,0.234882708162501,0.11864623940532,3.81542442811942,0.340079314500293
0.328172313979847,0.829614453245078,7.93750665577643,3.22874670157254,0.476377844553339
0.969144682401716,0.505565250815253,4.98206680240374,9.74812964351781,-0.331964305185924
0.423830390330773,0.906860993323288,0.0178535546876557,7.56548633064131,-0.109466302510386
0.921277853980597,0.233569753656176,9.48532344521819,4.9177263277576,-0.464356617426845
0.986251919253525,0.127661881902382,6.3137235482633,1.04852235341126,0.379446513970431
0.0480468507327463,0.769158172232881,0.943562731303335,7.99727406071651,-0.289784166627268
0.0974274593694984,0.776062700491682,9.45565722708178,3.85821490479296,-0.143574975007256
0.0829102105770267,0.393359244127356,5.32080277554826,0.989383369986614,-0.299402078158907
0.0153565954006411,0.567743942570201,9.25172671097268,1.73620620885992,0.138573554733317
0.0428618191598186,0.862873598325557,8.39655590304383,0.782538212946745,-0.367026085830856
0.924382214307496,0.568824407158804,1.83126808067055,5.5036303348156,-0.139369181670104
0.485635371300418,0.880332313238413,0.77649147429919,9.03071088849329,0.423461163993261
0.894275017335649,0.255604147479648,9.20721698642895,1.00191004922619,-0.42250817041259
0.681458326350891,0.998743270300789,3.46808560366313,9.71552122576602,0.334721720863988
0.682654002700007,0.346569800957061,1.95845632107478,7.14328500650729,-0.243626317628163
0.577850616441528,0.0693783834697428,8.19814307457465,1.23991154693885,-0.299125589455151
0.420807427599022,0.869007748278508,7.38879966628016,2.88784967442168,-0.235911647831278
0.588137773184814,0.0970009415194382,8.66375313679626,0.432163110151037,-0.10338430278758
0.389598830677628,0.0316502921104036,9.73665912113993,0.3094694840652,0.313671386571878
0.869841037227133,0.249205048107417,1.9272218340527,8.03782216753927,0.425558814003262
0.269244686516615,0.775947082075095,4.46548455779509,0.57520724750923,-0.235145508822402
0.724905182582821,0.0833855493458892,0.382243309174194,9.3967660577138,0.289635506459906
0.189344788803777,0.684631483445829,4.89810651738374,9.61898763631605,-0.22917713054194
0.442876382466224,0.00351617457507827,7.40194738022845,0.759846395574096,-0.294977198827732
0.0166972355747083,0.427361838122039,8.11854240997025,0.0295363597895706,0.410387915029611
0.621857491220083,0.30879418262047,1.4205746020137,7.87462798150837,0.210179943580949
0.155935707695097,0.725167259308748,1.94008718672726,5.39957902865521,-0.425254623650306
0.910657956478748,0.148021958722407,6.08106058483376,9.15310012433467,-0.339609456960768
0.0169016634448532,0.798256832849097,7.7722516628816,3.87191184583985,0.176695091481404
0.0778013326972771,0.883894960596494,0.889034699314683,9.9887498580485,-0.357432859952925
0.415574938820847,0.0595493461516485,2.19443575313213,8.679854049903,0.316342532872323
0.616859421581063,0.311401867122886,2.39579564513897,9.09501251781993,0.116118778568344
0.951060543041261,0.364988839915601,8.13883157389293,0.663074137247134,0.102250962831
0.808603486805822,0.456948431264765,0.0852958663274676,7.9491007754928,0.309427486966148
0.955063334684627,0.532434092410731,8.22328586767556,3.95386348978214,0.246120889833963
0.0568599688729098,0.713750037830748,8.73089713689889,1.17868779972065,0.135378181624154
0.316557938116737,0.877541781036571,1.05727519666462,4.75255440876988,-0.198850643503863
0.592342679915015,0.18672178427325,2.95586407400343,7.33026518902221,0.290378645325132
0.0260599325549087,0.634737674330775,7.74250654536416,4.70298154056417,0.426390488437575
0.266510544517095,0.881719988179088,0.154523648375534,8.11807005378603,-0.493651171387341
0.370054787714938,0.805648448279527,1.49537765507678,5.54643149699243,-0.41748095762971
0.871152212744499,0.0028867326012393,3.96378587884719,8.80413662242801,-0.212163001997959
0.762081971219035,0.173274706654079,9.2814781969524,1.99809097353656,-0.417516390677472
0.11775620043174,0.647782840261764,6.66721952537534,1.59981483436823,-0.337181228790332
0.44826878247358,0.0164030520732188,4.25347947198087,0.677773773183971,0.115824642547975
0.670663174729067,0.15725787104366,5.39025120790032,1.63617134285891,-0.378763757783664
0.529068889094709,0.839358852782339,0.847311045029111,4.44390894980555,-0.114669584734439
0.571376148711297,0.193823693886055,1.23069165681007,9.0301153764346,-0.23452767324673
0.38893522285392,0.899520731898312,2.43222099070902,5.85040128445019,-0.197537581522125
0.430528977563471,0.949261471946903,1.08617681016475,6.46288975334375,0.287014132943599
0.17231626951312,0.941786849369029,4.19280164701419,0.08737074469323,0.413599077079614
0.429582661839608,0.787882463367106,2.3427936426558,7.10575177156732,-0.179382164836796
0.396103758275952,0.987059701109921,0.651983993964378,6.49254317608618,0.480857361925725
0.524196363520575,0.993955071514941,4.20718135010349,0.430475030270144,0.264642591135803
0.955760425729623,0.10745064631612,2.1727122976753,9.27649600522726,0.338404577963204
0.165678358337176,0.974714616072371,5.57056042634217,2.13554240272201,0.258429030866729
0.380091091653607,0.938977505373281,2.00710318222808,8.97972090701201,-0.196284078798954
0.044928634209075,0.56080473187899,4.76581603607737,8.66807596560296,-0.446747012117111
0.117934068249266,0.984944346183237,6.32032616157758,9.38053622795287,0.110138523440658
0.140923673919257,0.971972554330492,0.631213444566536,5.26694680254185,-0.456400085048468
0.960318472061171,0.602435171627376,5.49480094840979,8.51053225787247,-0.365395404655164
0.810129751126532,0.388930651822797,4.98467385778744,0.971830402847497,0.280926291484461
0.948727574384955,0.237144711455261,0.860778804837149,4.20933704551711,-0.482109348169687
0.563612177262735,0.18626488338318,0.0271260361231407,6.75316390058103,0.123901658207614
0.618508189657792,0.152039068608277,4.73246386986935,1.35559948931011,-0.445488618261401
0.968358641129336,0.584882665094412,9.24115045004427,5.69254685588806,-0.187273051119088
0.516679269278248,0.0662531859998947,4.75872408944684,0.31784788764463,-0.150313707687046
0.772392021721181,0.26897647530725,9.7979547715403,5.70095890161443,0.185625255514536
0.00100380963971949,0.742281390737599,2.98249639670946,7.89013773796763,0.181859954939556
0.271132022470583,0.988107220538247,3.71317741251434,0.489152111538607,-0.235013016953026
0.0419817568234366,0.779205914557393,1.48401003318838,5.93943475811538,-0.44790286430498
0.285358814725867,0.692401976782648,7.70611429940568,1.74884055286351,0.223591107264371
0.23710611666794,0.666361720730223,4.66197781722521,9.53111638529693,-0.182401243486433
0.875108545861991,0.212981232247006,9.50742348825677,4.07381271502306,-0.373341217413674
0.757549766032783,0.139352366626418,5.43190424234269,1.01673498488695,-0.115329933013932
0.759211343601953,0.160497329789479,0.547187274176433,5.88875262718211,-0.324351243010917
0.561763812379214,0.195020699736688,2.14456450328078,5.87673654037822,0.228087587885385
0.953496287737111,0.0348739621699878,2.349592980305,5.53967517250839,-0.106295263382274
0.0301065399610909,0.856469695949065,6.15592710631802,0.975467621218368,-0.307356727369377
0.196266597774844,0.731127165513351,9.36983741235747,1.88818653643126,-0.390768699873469
0.246485486465008,0.738058959581097,3.41244499478823,7.99027285994696,-0.456330783783681
0.719613506720165,0.11303972203425,7.32020820265824,1.7379799803576,0.2566688750179
0.915284567207077,0.482546793330015,3.8248375005595,7.79768337959102,0.46532984517607
0.702853530743189,0.181782534296197,6.89919768229958,1.22154882356755,0.285381851326171
0.625343456979535,0.12436435950507,1.78995299973542,6.12706354336902,0.285104801510704
0.205778881735648,0.761256511496981,1.84953706249994,6.2717877819973,0.373082565210851
0.105752846129729,0.836446575838254,6.50381643321929,0.369977456757961,-0.203628906283486
0.71585788931559,0.317005778822226,0.0160637111118939,3.6090818572035,-0.25986994388432
0.126032005235271,0.700499530660621,0.581360449667551,7.54252388386712,0.144229244521262
0.603267269972635,0.275876405735649,1.77621310448369,9.18418235931686,-0.223411170956718
0.67005148519338,0.231895114284013,0.484546065681088,5.90432148760333,0.211986660010565
0.941970928746308,0.599146800319883,1.48741384508171,6.00274274811383,-0.134150762134517
0.973322760367952,0.0970778773650039,9.31784124700732,3.27640987040526,-0.275463679723955
0.44090272218695,0.871447156990596,9.75194151608821,1.0390644181602,0.445490607011367
0.160708156430793,0.906484230974398,3.27008095291308,8.32232029145936,0.255804683547138
0.754148449592243,0.257238927898485,2.21768401345449,5.87434926044592,-0.108815179692787
0.180463402176908,0.484825177796502,0.151002446546338,8.28149335488503,0.433781710181426
0.650241356097676,0.14977843830131,4.46564651402874,0.759414390806169,-0.345990199463309
0.35940746001684,0.800266791626425,1.72342775496027,6.2939133492145,-0.451340437788372
0.187802744121573,0.542875435206549,0.353360316234937,7.45235698224441,0.440267798688887
0.966919585624188,0.638477715038544,0.716088120759123,5.09108710741076,-0.445011522247192
0.249091386838118,0.942581298427761,4.48452989086278,7.76086594032065,-0.270295847254506
0.981168334043507,0.0726717974559993,7.2387157362038,3.47429049246121,-0.153419237637862
0.352587008966709,0.745039538859301,1.22069162403022,5.38327281965676,-0.231815016714907
0.694157646122563,0.238361056473018,8.4237476917153,4.41337189507968,-0.35757494713742
0.52685428031238,0.978475220188783,9.93729631272025,5.31919852556757,-0.441840874117472
0.668863694618638,0.112469749704095,3.08671066372235,8.97390188572646,-0.394572752868238
0.41948412108179,0.988539466878174,3.62995082595308,0.201986501829351,-0.377209325515561
0.292105562617253,0.685615092281048,0.862522199860551,6.49804535268976,-0.245292386923884
0.294530429527466,0.620011536674816,0.507166674366012,9.56925449554935,-0.27425782491785
0.515274679324606,0.0790075325006701,3.39080849506583,7.69208676010327,-0.146501971136695
0.561793397436256,0.213571437754493,0.516113112864318,9.63393940051673,-0.29417324508639
0.0181647365486034,0.688067472840095,2.33373354180994,6.97153482750728,-0.441403820541299
0.282119625229931,0.721794048669249,8.92449816759959,0.307187506418674,0.351985514215726
0.205069305713151,0.691909975412355,0.147227790910348,6.27571165065208,0.397178383352263
0.935057753525941,0.530612879024898,3.51633940123882,9.01551978498047,0.291135536180586
0.699352328723725,0.146661493118116,2.98282841088714,8.08123935193446,-0.20289416470911
0.692955650261832,0.125853647500382,1.49939983224215,7.3818267382926,-0.387072787817104
0.46436705017911,0.87778565641162,8.03359869064712,1.08298279851453,0.42834105737843
0.126327489708376,0.667756808816748,1.25891563714959,4.6812129190868,-0.448332998905749
0.965960524429156,0.623392900156612,9.41632026373688,4.10948920919279,-0.296440166600973
0.103024556483814,0.806603954565553,9.44711685059076,4.27815511850772,0.345501275047705
0.788542084387827,0.139310174892175,0.185649241069532,3.79497734005538,-0.421501106501922
0.14228338757877,0.470569876698312,8.92350287678435,5.89123873977367,0.151409943645372
0.325197367555459,0.876272538076097,9.62786263483377,0.477644813076563,-0.438898471431452
0.498361009408505,0.957208246053767,7.56653998269544,4.21903372862408,0.285102660842208
0.161761990520137,0.482002364744191,8.46600730808986,1.05174426546625,-0.34292830030168
0.683134470436315,0.21346981135422,7.82895204931387,0.00582745447038585,0.124152385584309
0.609958684416379,0.189962578821641,2.46813325492267,7.90421725545389,-0.209607823857815
0.946368484084249,0.303995581030575,8.9345116062677,3.17913921606529,0.235069094029767
0.969763513853217,0.541412389859458,3.60482250733209,9.45761291478406,0.294088664829624
0.907995067150266,0.19319058285483,4.36975221776815,8.1881737043634,0.425714832856167
0.462915899621538,0.782829579038312,4.89865274932424,9.81955364700284,-0.101363724931612
0.342596996046401,0.810648001038733,1.06690045361812,7.21628429236891,0.214709511765401
0.442170373392732,0.0912900032402782,0.311952694195759,4.16854537552775,0.36386853184494
0.0927255533507536,0.808727296300296,3.89405622609652,8.7150510414462,0.368560869502093
0.93613087853626,0.0554575556766869,3.34197479014752,9.32604717928789,0.298502329170906
0.603899555124268,0.257541656266248,1.86935370264347,5.08696678389937,-0.176397313901549
0.158003490965395,0.549805405694282,7.71218244589911,4.32932637572135,0.169754147497198
0.924465028131174,0.585873835782614,9.8645548211983,6.7290354488262,-0.255633187524877
0.703231083033331,0.0189887977693973,0.293783386261462,5.94883380306573,0.111663678577111
0.204971367257343,0.921796650946837,7.34429104392907,3.37060632696579,0.492611893872684
0.371459350045297,0.0265221463631773,7.77932582147361,2.82861574666422,-0.127676519691479
0.147139244617815,0.51693450720135,8.16669967038091,3.9292542994493,0.351145286633764
0.441253041320824,0.0754973102650026,7.83049403651655,1.50246201540482,0.384169646395357
0.955173992343313,0.290684377747342,3.16502554214326,8.76463763153565,-0.277405444582223
0.933566022445457,0.39831175868549,8.01863713399959,0.603743516862078,-0.147862446138695
0.775607991383883,0.28363527402817,9.50014757358531,0.871248233303985,0.251025531432946
0.384781621596755,0.847548237657802,1.36231304801154,6.30349567348524,0.267741763276073
0.921661946421464,0.590233456861374,2.31891314676256,7.94565431745734,-0.20199076602364
0.658212016713764,0.137226230158959,5.77677341277966,2.43014252707591,0.121252694096226
0.626552252735643,0.991224972728638,9.03005382534943,5.97527384563196,0.437164135189434
0.525987193633906,0.8725235954406,6.70823369001178,2.19143612226429,-0.398111350914124
0.0569609756535304,0.962806886144511,2.0249104870034,6.73650971612382,-0.353982606460929
0.801641206860875,0.433243675821245,8.55549745520864,1.28299102722846,0.327281167250914
0.374336027386227,0.789468983527642,4.60957491682279,8.43003361460593,-0.241361318827186
0.672459616093004,0.0889351113463669,6.00836447013395,2.78677410477192,0.364417749128324
0.214102623874843,0.793095272699946,0.162962269377734,8.10864873101438,0.208169634576297
0.921375654172979,0.215774842304698,9.51198270388097,6.34584631614265,-0.453058810476295
0.452928798846772,0.106423186678182,7.58307432710088,4.19125429365808,0.403760570770544
0.0215737063500401,0.428103421929686,9.50344549902097,5.36997102633261,0.266363848558927
0.988165702539787,0.267361038573037,9.59174620607981,2.0078425035078,0.140392748150763
0.187791862566879,0.75258188120395,1.83481253560389,9.2121190425611,-0.425980281962037
0.715704934957738,0.145971583031453,0.329575996801192,6.89908083938151,-0.491531693095737
0.533874087673393,0.181601599483487,5.10395680650228,8.90375168786474,-0.248133112080774
0.947637663139977,0.505430331783971,4.05369096951566,0.160016344846532,0.238589120404484
0.585511716300731,0.993825776570033,7.85567083380178,0.026399537173156,0.225888054291701
0.730384578773849,0.422190490947125,5.55265086146084,9.62348654686966,0.401222590205089
0.0157768833461611,0.510671885961648,0.0288094984395439,6.59260554360153,0.289194167607175
0.998911486013299,0.596509998993938,4.20402704812852,9.84987201933109,-0.365567288052008
0.495864401384145,0.998730860185165,9.30348699124989,0.666678360739281,0.478529577458719
0.337041313335071,0.8061978234977,9.07908877706993,5.88108732782327,0.471867702132777
0.0308168400390727,0.667749786875664,0.829605957480589,9.43205277533934,0.270884486110364
0.589373414799458,0.258264487681897,5.93221363082107,1.93853513049111,0.438033526473283
0.970435763784475,0.483981643581754,9.54182647129549,1.57898071149576,0.144499348419157
0.94412188270462,0.504351411343317,8.84103361482803,2.58103481307622,0.162737650541386
0.474722154330254,0.947347548837586,1.14750156604112,7.90917803816773,0.116951459657628
0.228122283368389,0.708819772556684,5.93531550575514,1.17718066372822,0.458584856327881
0.370290869450145,0.0611251979399862,4.08057416111608,0.413665854465916,0.210995175878168
0.213290884605803,0.698243129027452,9.6566740432598,1.74241796829077,0.236797192054546
0.30394024436729,0.74456695246157,4.4370962721759,0.280400480175899,-0.128911641402496
0.57344695599672,0.26464487067025,6.69515602171234,1.65005117436223,0.385960914493592
0.327198626354436,0.82921781429447,8.33335667643891,2.24059723420433,0.187039503945778
0.246080787701307,0.556904521809915,9.13322179059798,1.58431649506991,0.171720120518671
0.111329909514335,0.884142917961484,8.96553408610857,4.98279189521849,0.229314304097935
0.87479372332151,0.118538844706993,8.43261824271371,2.76122373586501,0.48271431601835
0.568026817361519,0.905330887693405,8.25852996086507,1.66771338664464,0.413679002560136
0.989121022031882,0.464284443843594,0.760265802099992,9.71030842993503,0.124942232212683
0.266607670084919,0.646719614422132,9.07406587616119,1.9178682218064,-0.30225869345191
0.98424258418226,0.216648332558093,9.93116005345604,4.05467651699071,0.226888310490542
0.156674791039479,0.510317071460052,9.7240130300134,5.46701087582687,0.328718551007057
0.150000171032933,0.937596574672192,2.81108832495901,8.14803012781156,0.489587811962142
0.512811440212329,0.162835599350129,7.48271649503759,4.37189993365098,0.174556484308333
0.159494066418644,0.928306156216479,3.70130290970528,7.49396994502286,0.10940019208753
0.727946533733452,0.0582255446736349,9.12029338988436,0.37190555692671,-0.216156595975377
0.33378354155878,0.863848030293496,5.08632016785415,2.01811332852681,0.319656528681551
0.839297661883874,0.447559259624152,2.61244877091955,7.17982221970924,-0.383156361406264
0.670215248794392,0.285027958493476,1.01681675262444,6.37326923994024,-0.393851170667394
0.209752994305404,0.801609143782098,3.39498515822225,9.17822103851621,-0.316731759061881
0.777832144570344,0.332408621425818,2.28263920129457,7.39176147650307,-0.403619001506783
0.693620739277787,0.163683809392866,3.88718802891048,7.90966154382063,-0.281008565635368
0.932723094160728,0.100091553386038,6.59370337649504,9.65927640656932,0.370872932159434
0.174102440688787,0.514709005968007,2.66825489504589,6.76829583837764,0.392916886009719
0.168850789291189,0.810359846650411,4.51050987682734,0.719308502593285,0.389134729026361
0.561228428476611,0.114325529493587,0.131119614026276,3.66840910376271,0.247011721269995
0.997073066346196,0.332231918858269,1.92408812858703,7.48858104334617,0.167379632014612
0.0462529279609177,0.609821094442483,2.36818674028403,6.76226026067858,-0.229076819489681
0.935377028252953,0.113687306263645,1.99460204183076,6.87878622166352,0.201702609346342
0.401497798966183,0.969554764170963,1.34994279050849,5.77639791072664,-0.281737986008212
0.455327143598604,0.981105240290829,7.83309347716309,1.04366669274389,-0.123662391829688
0.465049840508832,0.90133884989889,6.7693479029073,2.50971202369303,-0.149427158354632
0.0310366463637595,0.976673853566211,7.7836489497584,4.20205634470691,0.137081309129889
0.626654336333719,0.0777009946082625,2.63855106525953,6.25317583022118,0.406449280869404
0.557316217799805,0.916071055549888,9.68081603214483,0.889329762993829,-0.247574866296328
0.616869173499629,0.993438899948737,4.86891005754712,9.8284069417938,-0.10313385303396
0.935778470432984,0.186736005990589,9.73982825999404,1.87343830295832,0.188045166682839
0.940994606495832,0.328582389889612,8.76693265692719,2.68423221639368,-0.261659677851873
0.684184247552557,0.249133659109655,1.44993517197334,7.69551446175927,-0.34949438625482
0.00767636236745949,0.587310067989352,2.68254393968931,8.99771333130517,0.174244446949744
0.143466069078191,0.986435872261601,6.47399420810989,2.68006961679219,0.187686368646171
0.663288593820671,0.25390545477361,3.78429631721844,7.85873302970216,-0.311404231754504
0.20736592129451,0.689640878567113,5.59510309293828,0.19090853184431,0.35456861247581
0.360609315897229,0.0136954988480884,0.200418422038835,8.17444298774717,-0.149998115302419
0.896223413784503,0.321522325519515,5.65069433036892,1.75048645614347,0.411514060190683
0.847057007554411,0.0232732824850025,1.36089016583638,8.4202599294685,-0.189084278468488
0.038366120868162,0.341973307629567,4.36961350432204,9.6456610321054,-0.497185140487166
0.402413303625075,0.737472643812536,9.04742069529502,2.08112511908563,0.220991881595441
0.273060064799663,0.835533042493464,5.19066910939938,9.22343969275753,-0.490335081249858
0.968821419973201,0.038602048926485,0.239809147621297,9.18585342885523,-0.166253687308396
0.692027244716213,0.211436063351792,8.12530361976573,1.51356747024494,0.200713846326901
0.959895286036784,0.517796991653668,0.328465609862968,4.93985083111817,0.255231929824068
0.986958947134775,0.52644407957276,4.65621078954385,9.60108810953123,0.171047915565939
0.968991179781559,0.190431289226835,1.85422622053619,6.9488578928809,0.150167662056805
0.766347722848352,0.412455025997233,4.3163192337762,0.599840167295826,-0.159762046243318
0.269249525704279,0.760307222249855,8.19865397116322,3.85667306821794,0.233376212799779
0.57217811582403,0.208044962420061,9.30865482014186,4.51209805788047,0.485241337592424
0.0727710799798807,0.431646906276643,5.63772493439633,0.510976486186441,0.438949474004203
0.695843305684741,0.132662664062407,0.0522781656793648,3.92590182819229,-0.287783189622732
0.411291131440451,0.849343983478596,8.32750169211829,0.537735026926568,0.133539831246718
0.0286415433342281,0.82864876185527,2.83655477288716,9.06900890142752,0.266558236785378
0.641464386781441,0.998653544300982,8.36161190769425,4.30491640609064,-0.304732864256853
0.469403076862876,0.131591112831159,5.04876818729684,0.098313148617523,-0.112820369935467
0.219562012886182,0.574495051913447,0.284911646101153,3.77963348007241,-0.164850638063409
0.69617774134441,0.189768286945885,4.18554571944984,1.1475141533417,0.408456117281032
0.397730504865074,0.774664586951147,2.21073103268367,8.02686604276004,0.275817515318686
0.880288262051746,0.565136304987506,0.0379265775587871,5.19915485110228,0.158691105535705
0.270275238276777,0.717633935613356,8.37717288321418,2.44225936307997,0.226035158413267
0.835336787606577,0.0908088993590279,8.90878200135048,0.361979081192949,-0.248406300150205
0.803363162363834,0.23716599824455,9.91429771085688,4.10766626420615,-0.213853229031033
0.0430516704416717,0.696222374464205,4.58701997853677,1.09482580097357,-0.181138178129966
0.681514982959436,0.293678405169401,7.66761960717526,1.1422464148502,0.25759674593404
0.15507503404955,0.851466829416529,9.7982524751488,1.81669601172473,0.431481345131702
0.110469038152612,0.722515800497922,3.36412507699517,8.08335553997336,-0.41514308490866
0.13880061659258,0.929304396406881,3.6511857319649,7.51351722642795,0.111874868695137
0.0600326014187926,0.552200851924625,9.9092446206541,3.03737158472273,-0.115099668266041
0.344157085029496,0.704366154789991,9.77294169119853,6.51330074436643,0.103515621430736
0.730825270146455,0.34198010033648,4.86652093017337,0.734026140704864,0.100907255916118
0.0724085740996604,0.958702389386077,4.56159400489296,7.57579163138627,-0.499450402841643
0.38414851641088,0.783537567923077,5.49978771342106,2.09851388884334,-0.269646735978723
0.153122874179468,0.460633773438287,6.99854333532342,3.25043080576628,-0.432754613359249
0.788879802269465,0.125458898725825,4.99001474627647,9.66580843811949,-0.170218341736686
0.71547628903253,0.294283956276877,3.81737085013607,9.85817111431745,-0.233250797219108
0.352789233112017,0.792024456802675,9.16527033146665,5.76947881348663,-0.397587172219403
0.0293629371495793,0.872020731849572,8.03998303448938,2.35078650989695,-0.403268044358112
0.448404534020248,0.00750576676714224,4.29390091561491,9.38166899982201,-0.218555889065279
0.278169633922894,0.790947240672612,7.84693867772982,2.74614602363949,-0.392528014275483
0.420371784544295,0.879577346633982,0.544955546330701,4.90773611202074,0.231655630913312
0.884923489958448,0.419160093268793,0.107607385132896,3.5305978488962,0.18593238389481
0.847735367817041,0.516713527589388,4.3054748923242,0.957151350591457,0.355872706394809
0.302715268392734,0.86996299107737,0.34953725887422,4.83292631191871,0.349842155023545
0.74781746870716,0.376962858276491,9.90039250773795,5.70882061000263,-0.447266759070917
0.174875066957284,0.557659051176058,7.44270200335085,1.46964499583089,0.342519369003655
0.213829085090725,0.958547824994212,6.14710463514404,1.5169907466386,0.200112627417463
0.364341308674185,0.744813705338647,0.00217082136251491,8.4871948139588,0.232113425049406
0.491259917196189,0.177911423501187,4.4198632017111,9.55213533645771,0.207082753957814
0.569296887577767,0.0741347400447401,4.95772616655008,9.51884709998018,-0.111326124440721
0.964273751493116,0.571308854961476,2.01279400901634,7.71770834504962,0.400592163181295
0.897053120137834,0.459277449249062,9.83391820245778,1.26523340107838,0.461819949090685
0.0121118332735381,0.317020954957452,7.22222820695721,3.972512649514,-0.203039816165736
0.0865449980302363,0.4651926673131,9.3687902918241,0.672075741235041,0.223894793227749
0.414089930239566,0.069963709028953,0.529107397298602,4.86394065625521,-0.281737287493015
0.488358468777403,0.941559676801457,4.15863847609632,0.676790835670556,-0.435363543615319
0.780663036193925,0.248153490225063,3.85879636331078,9.34080970666621,0.279085298388941
0.644627749849802,0.974104187379158,5.35675775740897,0.6687264485814,0.250382839335018
0.966794788277039,0.519514137489721,3.63143051171685,6.92358434479387,0.172424081540957
0.155122161344499,0.517886891928864,6.78487871357158,0.724482265522856,-0.318438272241448
0.34301496112702,0.960269104571625,8.45263856038986,4.73646561900209,0.137329595201536
0.131280026344687,0.604613045903411,0.394111286531926,7.11147459450574,-0.186509179523691
0.589232759196419,0.142032949257089,5.55522071981514,9.46276546875466,0.446195970487971
0.265801301040198,0.999922843933218,7.78634625780653,1.18234679056442,0.473501775821864
0.0329216523883771,0.507377761868644,3.80638023255654,9.42808514148513,-0.439147373257134
0.154575515501666,0.661897746342944,2.12817477224164,5.82624181628533,0.122965595436171
0.550313372530725,0.153249587631284,8.43094966392647,1.82760972034872,0.430534570345788
0.744877792873475,0.441468791092478,1.91001305052827,8.16670916462633,0.326257409470985
0.456482406487486,0.799366078234505,4.27540825594778,0.355643540736574,0.271043020371346
0.865487134431628,0.110620520097216,5.76957452489192,2.46426618876396,-0.356088948253018
0.150994816676957,0.720524569844872,9.72552420027512,0.8743923573862,-0.302591832077428
0.693671506713914,0.359127798086896,0.507596750794562,7.4202462683858,-0.310876008523668
0.16468397315893,0.937759882125468,9.81766534623679,2.54948857319357,0.200397299376113
0.279913194440354,0.836392605594694,3.51534667990581,8.70052497563213,-0.306128434695405
0.30013861294814,0.718344784725697,0.127956360832158,7.25972956065929,-0.325118995725446
0.143408656810187,0.664431502231901,0.0236359416385711,5.89094697755093,-0.48534560783568
0.450987585660115,0.126124839250285,3.79941412607537,7.79189289423937,0.465224127883113
0.646748223748421,0.0910475045487471,6.08413494052772,9.49647733425556,-0.302913429899595
0.890691929074925,0.533197171246771,4.79026257147693,8.78566061196255,-0.117402564852762
0.0161614427018755,0.353384084216447,0.834498982919346,5.42609038168209,0.451136013867505
0.461595486431844,0.836794822223794,2.17211742739687,6.72365504503775,-0.419565935690642
0.140740492808882,0.522125453520462,8.53929607290121,4.63308669491655,0.343288339127439
0.030505061456306,0.918095219440729,1.74436732072983,9.54392891511114,-0.341078692864531
0.0331661148926156,0.555235028321694,0.971193888300964,4.28026092669473,-0.433466853569484
0.0689147641046331,0.597695098959879,3.02495603220887,7.09754826401479,-0.306702253685422
0.701028672503745,0.143414465092598,0.664448638701593,8.633346453307,0.117780512565927
0.812138377814764,0.497610233758899,0.0747148773982828,8.50261562303596,0.121488062569989
0.178944986225269,0.749520291803537,0.153498282674848,4.81789449414273,0.25857172026179
0.627520271682239,0.964230774397934,1.18114602404493,5.11574722962118,-0.164545941999161
0.562924645806325,0.0769030836942986,0.778881260084926,8.20552499667738,0.331451864913623
0.950876274144023,0.566908360122815,7.80123294092634,4.01856637272349,0.122921179380783
0.403571429769287,0.880142724992489,5.95565542908409,1.16163043435907,-0.454882437150122
0.18186038281556,0.863737651822078,1.40571581866648,5.8811635220371,-0.213858586413112
0.504295313923071,0.982490536851635,1.99953412344349,8.65339538119363,0.277425556503485
0.965193845304401,0.150175478911359,2.65831696456053,5.92883534155259,0.480325475190694
0.869129293528464,0.398716380746031,7.45871727205874,0.334281454968608,-0.405437652296138
0.672649876538974,0.989419677968073,0.0562611605270945,3.22543885883202,0.357327611610406
0.321087099484224,0.823593051831155,5.95189515232518,1.68875534070681,0.391918890834562
0.308303500059802,0.635466168223147,8.77169164458181,4.28249497792014,0.106427774486881
0.250655353777205,0.975714469705123,8.21103819885468,3.78480478316462,0.228946884501822
0.3109594332681,0.665894339719994,7.7701085104714,2.31048394095381,0.486336069361274
0.551741051620625,0.248506595360464,9.17237604004919,4.91715548860639,0.362184017025788
0.4928922571134,0.140241223893403,0.794261580840073,7.07539030351846,-0.27014861401115
0.082252428808119,0.494964038882855,8.77746356264796,3.16265177580566,0.299432686769147
0.428617561332209,0.00372979297789852,7.04955892914161,3.90829530553851,-0.163578883508295
0.0169498515389263,0.945412023414652,1.2391930543526,8.64898248341838,-0.151122229135868
0.253374170722953,0.613918630764309,5.38399092802654,9.53968871563441,-0.358148608669441
0.714547965263786,0.300568379549344,0.182641263837,5.12405884705743,0.409633071402317
0.965582366916386,0.0945506787950924,9.37977137811044,2.0403201744514,-0.281163984788132
0.0632243660072583,0.684472157593683,1.16654618624189,5.22420314198555,-0.102999932428967
0.108474975075641,0.883607331823952,2.3608695204538,8.43209729243305,-0.142257186329118
0.0235060255038592,0.821848833150518,7.63513592853791,2.28120390447983,0.279016040657685
0.941067105116114,0.144161896985001,9.40526423661101,4.94974104765687,-0.151060884754032
0.553833995984296,0.24228320443831,3.77895315589868,9.33266853586886,0.445371003318727
0.186511103818291,0.635302219566316,0.184011548492275,6.50327619598913,0.116043200450791
0.59180213710821,0.0372530093716799,6.42328423473274,2.09889581955721,-0.273055094147964
0.90039612962699,0.2617022659512,4.00047771607946,9.41549421422884,0.367485463924365
0.486539437500228,0.9140965627034,1.60158211795992,8.73569419371526,-0.386446418350975
0.953128911623641,0.149274643458803,1.91042232966899,6.78419679967732,0.119132985013351
0.0697696672579096,0.38063287662467,0.673024567908294,8.13915486249224,0.488975085778983
0.887740781608055,0.475355584376162,9.22103004596043,2.82973642373794,-0.347008540141303
0.0404393533851494,0.683331168290282,0.190360947520362,7.94148023829057,-0.45159587650277
0.291194346168051,0.831455748533898,2.10235544543137,5.8102384951371,-0.137288084007369
0.983192076467943,0.11168714102887,2.23007532975123,8.31087023134428,-0.169465984856266
0.958090081558276,0.171427555025017,4.2101983398239,9.55920731092131,-0.417995962285657
0.255738487280355,0.657698169984665,1.69975733819235,7.3362532737817,-0.372939948490896
0.373152802388061,0.793023646733604,8.83163164772795,2.86887484278771,0.491480668444969
0.196553384030506,0.961275900601086,1.38061007103434,7.27737302914876,0.366559283187693
0.15669406449116,0.736693124525658,0.0526770075831196,7.47959582921541,0.466100560275769
0.341111025384994,0.899687313358277,8.33654069912513,0.336259147714395,-0.233846671475602
0.870779001669164,0.416056946721505,9.64401551753195,6.03867392922238,0.399351105573472
0.696869871055432,0.249425953719192,7.57291477216496,1.88237804987748,0.260321902161978
0.407891690311397,0.762264550744611,5.78186046269504,0.88922424649455,-0.444039299683417
0.913970177316635,0.569874752182057,2.39856116154601,9.42310327484096,0.309956112388368
0.322664008840699,0.84732612196077,6.49618172461058,9.85903630088475,-0.186513462338876
0.0305513073018064,0.996752599989018,9.53860720295505,4.09198028628572,0.263707245876058
0.129499075681042,0.893596461700094,9.73101553526386,5.79140381057229,0.18484831368806
0.263791713090166,0.742107744724041,5.52767611551489,9.00299033055802,0.161952787543603
0.672325657510736,0.980983451303658,9.49868132190782,0.509609888547142,0.352948861128505
0.70696081131643,0.167145681129412,4.27270630470452,9.43462289170956,0.425903065132476
0.156309412867552,0.564220766879276,4.21815253483764,8.5126311306638,-0.329445766523916
0.780270898582542,0.25573934394426,3.4572001806015,6.87293531132576,-0.299429300026269
0.00688668200698721,0.360847484499238,6.54344238690528,2.19426238438685,0.115158227614681
0.894579437754344,0.0646197251866234,0.0017817915995356,6.17118844352963,-0.416591142868985
0.140260340870728,0.860808355601057,6.33024186466238,0.504852423795057,-0.267276899021997
0.00983978201623793,0.505973305634361,0.0531178215501838,4.36269670946002,-0.461302596086715
0.197675038452109,0.872515390332614,3.5441291523992,0.218539921227237,-0.171368438112019
0.0599114689027338,0.668028821516035,2.38375532053778,8.55758334197764,0.153360673884234
0.927548941555537,0.470425491834687,4.99587490105274,1.14609662152181,0.22229574168138
0.967717205253143,0.129097912225362,1.402164327303,8.86592704303974,0.172016006986642
0.0994969138474105,0.546042946680011,0.365334509934806,9.33914470869351,0.216827460823639
0.0887977724725344,0.618090167633676,5.59343686390094,0.0816937692662094,-0.428187955884253
0.721178853304975,0.0419323199218322,0.398023321399143,8.90751849023899,0.398461645481821
0.277114983126908,0.977013149641859,5.68591267468881,8.94332226414659,0.482682992332396
0.611040110750455,0.269250167074172,1.08961970564262,4.74958186980997,0.360181548523336
0.0212584795921538,0.997201638479596,7.26287204604281,2.52419118795843,-0.447056209056391
0.4272404143067,0.783166651559487,9.22975218045783,2.65242137176327,-0.32390045306587
0.862482051381844,0.274442819905162,0.99826907673147,6.51801713891959,0.348945342342275
0.0696466658365461,0.717052344003779,4.60719967862187,1.32038194695487,0.121054416765
0.427248114586767,0.102061039683888,9.27614030410568,2.29828196800002,-0.12932130502487
0.443956871578133,0.0406334757715585,2.49130930682439,6.53306845086813,-0.235500750556517
0.849575736100708,0.186985240891141,8.36536917240402,4.09890863154785,-0.441673245957115
0.716514711036956,0.298665613448762,9.07805778452332,5.95887766880553,-0.313460577008543
0.669803911615183,0.132853980432591,5.25346676322354,8.71731270862435,0.281254197989996
0.17706969766409,0.968618727795383,4.68979849513981,9.34984000925449,-0.280033076925445
0.0966978496811704,0.789688588059678,0.140853763203932,8.56867237226548,-0.121499758687
0.202824080148458,0.678837912171732,0.173181428117132,4.38643068576094,0.170340342616742
0.929157848319327,0.242333834819983,5.93401283573312,2.43190912095942,0.194616599782635
0.000434156336233782,0.47500597416605,4.9723094145921,8.01386094409184,0.295104869522097
0.304557427903297,0.984533186051821,6.49440140474086,1.19087422806218,0.232435348224243
0.689969234258438,0.299268316776431,0.803915603540696,5.91151946459752,-0.45544310815479
0.170916028317921,0.649717357925522,7.86039749145719,1.24296509787853,0.261644957519935
0.0209191738432654,0.59923579046083,4.20359974211409,0.298047946586081,0.446213735330331
0.965511885105049,0.0502994668231352,9.43514307473189,3.29299075333992,0.431527160462457
0.902232060718905,0.0458998073588429,7.99650817931338,4.14516480042725,0.445807496168635
0.441181079508949,0.865623438098629,6.45337996231984,0.123257694567275,-0.208470123183555
0.835455069056169,0.445461015724168,6.95726363447059,0.363620933376518,0.305498588202292
0.91672784567389,0.54914078256324,6.22907667899901,9.78649335748616,0.398683647648126
0.878209325112942,0.117067372832568,2.94815836701028,7.13019456273975,-0.446576899832
0.0573294942133751,0.90425073039388,1.36725034766323,6.20374083747659,-0.403259553962238
0.806421979314036,0.409225868018373,2.45141214578279,7.3317724818725,-0.132421652691113
0.859672453371223,0.0902246922317606,0.650475201362184,5.21046198183368,0.390881389549604
0.176147486491287,0.849158900995826,3.95213290222094,8.82668064768613,0.303975867782455
0.476935879360903,0.109669655177898,8.54782144211162,2.03952845313842,-0.255128239664111
0.487914415805367,0.0885957259121702,9.13327136757934,5.9026352626864,0.460830882592601
0.243017537197699,0.603792403555329,0.47677902398399,8.70202977494113,0.455780071167255
0.260948552819753,0.665513515800585,5.2477565130383,0.176584835733118,0.115602977243096
0.169948361975548,0.836400924839929,9.83397259784439,3.27127509875704,-0.142558094171151
0.908172919332137,0.183390336566791,2.92003919143041,8.62941956843208,-0.264087396977649
0.866014357833197,0.129510391197507,5.67132164438723,0.0350236118394624,0.395304929746424
0.305765177225334,0.961600020263061,8.38420746070705,1.06490220211296,0.220150400250729
0.159718040744059,0.907594123952114,9.99033384393227,6.53417457952373,0.202364787909169
0.111465323001112,0.765439613554392,4.42290667207178,8.00087246401013,0.290635516133834
0.390642055339803,0.771991951386984,9.31247053403634,4.30022718291559,0.325134418988357
0.637600503175207,0.99032802527312,1.28688535771682,8.17627335400139,-0.432455551657719
0.0378727000191244,0.891447659294935,9.5900758774197,0.710449607578636,-0.359426437090239
0.348378852303368,0.667732994860545,2.52726663450739,7.88532994038768,-0.367892980107967
0.882565295938045,0.499789386224341,6.95657828333222,1.36542764782531,-0.416517612026353
0.625448529780769,0.963619971140985,8.36851134522847,0.0402638880710374,0.223132555848253
0.863620646510851,0.396915193190106,9.73252875574654,3.49073245599175,-0.479748341969959
0.926551712850097,0.347587109640564,5.20679180516089,8.78936454042539,0.495339071528544
0.493378366640364,0.795611146856947,4.75420128521205,0.44133743795086,-0.335776545525395
0.693314684472834,0.123533285553108,9.34841166854224,3.03920519871275,-0.399990951995541
0.0251969582945093,0.6054920538068,1.24770814198491,4.92601419633954,0.414884995654637
0.197421376621087,0.938977374049616,9.60981966291569,1.87728182624394,0.418541082510684
0.778984075815416,0.205414076329314,5.12725030139389,9.24576408962527,-0.142029451650278
0.869061532616608,0.276542020650825,9.13888820722162,0.536270098074109,0.44119368539835
0.867972574470399,0.0689725783867821,9.23743170467464,4.34298221009297,0.416047310141128
0.520287191119324,0.129031123718346,2.46347740552325,7.44583812818982,0.471934263640419
0.337136878974506,0.700972580890084,2.26600654052143,5.82074406613553,-0.267266405507939
0.518104606689564,0.848671208263032,6.8243443245897,1.11074417103686,0.456529129085626
0.0960148801377644,0.477299180255344,6.29175760666434,1.81722540300189,0.447738691716198
0.00330240804346509,0.333734696124928,5.39401310260957,8.50991183046691,0.123789243782384
0.900391777647388,0.513302099874796,8.44007375547589,2.16697289293637,0.451347362801523
0.0433725381200919,0.90024474682759,2.7605711291598,8.99837936328059,-0.287394451848941
0.00523568200962418,0.510063341418209,6.35891817369148,1.59307919305928,-0.261623088459497
0.0107587042180261,0.359955169199091,8.61776610281749,0.640290637218251,-0.308814327477604
0.967707716673317,0.600253343165857,2.01460536434828,7.00794768844965,-0.405538999115561
0.0338140839192402,0.796544916923768,7.71157606119657,3.10066669933259,-0.266160964651524
0.692582222077725,0.146640559106214,1.49100729649129,8.20850719156191,-0.419964225472596
0.290953322056105,0.947020102853464,4.71314612498005,8.82404050509709,0.343827880812081
0.314914536279819,0.0139742149709444,3.86195774358077,0.272517284852087,-0.213105556121934
0.697078985052533,0.154870039470518,2.35701335004813,8.04906084409692,0.359424030144688
0.282768062000782,0.878457440689918,9.1263149558479,2.0247911567048,-0.18192841375163
0.764370307073657,0.0579933099120611,7.5476744039169,3.54757406289339,-0.263177285778379
0.175463872325476,0.561284063393759,3.50935326879831,7.40422956347694,0.241829705419676
0.385415475921671,0.923287252886473,4.54940672854053,7.79652876141517,-0.399099098380428
0.157618113445166,0.673489809919621,9.48662552441565,1.67941773331658,-0.275807065306965
0.0237934766084671,0.929388256081725,1.76666439863396,6.57254784715863,-0.404295524377222
0.0927792547172408,0.652857625644977,6.51201807847518,1.55506066135717,0.328622728262527
0.831911598094877,0.384813235904836,0.109524519522614,6.45096973146989,0.254881807115874
0.709165983268488,0.00612084038724361,6.27554447447933,1.69039928326374,-0.237832691271989
0.901347628794759,0.433763665839104,5.5452809532796,8.73847868732173,0.475123644955562
0.0903519393041295,0.546615566950332,0.861168893146728,4.3183265492938,-0.2809003643751
0.962016923478331,0.592155256763776,6.81141703809588,1.57863132077598,-0.305407220068504
0.818755025713646,0.340718470904291,6.12890150815951,0.260521500109126,-0.123130860754757
0.75572376636109,0.411472838006839,7.32349877591487,2.88078451374942,0.234290516728737
0.239154323764207,0.763121845390425,1.78358041273796,5.8534115038724,0.187401876924254
0.440953775422417,0.956913884413439,1.01083551564418,7.90561463420074,-0.150166901002547
0.00077283884286492,0.925394851256576,1.3218004662597,9.98828848813214,-0.367876831446544
0.697604192597939,0.180312967672697,6.93903749007155,1.12553183067879,-0.30787314984663
0.977754935490538,0.595002109377425,9.7634578211463,5.82891520471687,-0.406487134194032
0.240941207080105,0.893474321957509,0.663950519875953,5.18210881689966,0.141423102794239
0.398166201208233,0.827516225868963,7.98771988259993,4.19468036460299,0.492232665372813
0.750797592934046,0.212947744641256,0.241269225479851,7.66544741476557,-0.244819238724026
0.552984530510411,0.0797786191647227,6.96118683697429,1.4385471900566,0.399137018162196
0.272806545549039,0.979523012058688,9.7747287370067,2.2541507695334,-0.21836590634322
0.734139347206336,0.38271804721307,5.3166075236183,0.643799768687944,-0.156616969186227
0.766740113136688,0.00496813679008467,1.00885062156635,5.2029346411882,-0.285651223148805
0.95144114815422,0.353041574220432,2.65596209946563,9.16278111333482,-0.362335355854911
0.676289286075904,0.0656320022015183,0.276325332916429,8.89589723127283,0.324622394111072
0.349803641912487,0.834556776867591,8.15532117913319,3.0863100117368,0.452335259171769
0.918398976737329,0.582184403239732,0.299671913394131,4.58134912640293,-0.120693635257394
0.000470648430304018,0.488534329847681,4.75077659771163,9.54108278224172,-0.377106807343997
0.951018479149427,0.519333496884342,0.872655633149569,8.42423642461067,-0.123848813866097
0.0612224856957608,0.621297556775425,9.58679781033362,2.69489533668797,0.497460641368996
0.222790836431082,0.67463253747214,8.75389471917961,3.31778845694161,0.413294436598723
0.969320331884714,0.491177530607812,7.87274273735343,3.4979870471714,-0.290202386382185
0.0465910685423404,0.460140110632566,4.9067448254017,1.64872614053025,0.366444858312867
0.293122294074688,0.879358455158819,9.93095062513732,5.87776862592296,-0.271199004890599
0.582979931902055,0.0536428589416092,1.12758753843602,5.53325866358552,0.496641564105908
0.0528390759299673,0.56366051840981,9.54179720148257,4.75646318719841,0.497421235364732
0.594248263435004,0.947963713161633,1.57495626430439,5.45235453093293,0.137943478897875
0.243329101472798,0.89076907146705,1.34191372863716,6.31498559755115,0.285297412400658
0.614717529337963,0.218774355542061,4.01048497796537,9.53602806291343,-0.216460779605403
0.278596734271428,0.890089249362198,8.22263678426324,3.87206373319009,0.228175763600899
0.0447929437892322,0.455936069589182,9.53073908372219,3.40189514910552,0.225967168427971
0.512254862266973,0.0686645569836363,9.09636293950368,4.43341579539108,-0.248966743749901
0.00948768846264516,0.765063291280711,8.11323570057868,2.35626746140097,-0.42639069169485
0.463993039002254,0.805846682684694,8.05081974920952,0.00618594122179108,0.346293508059769
0.873623106059207,0.0051155584436723,7.38094446703336,1.94049928203741,0.489009751333397
0.891199151984096,0.463741221684139,2.41537762513719,6.54970692164265,0.364610888143009
0.723720833770973,0.0341132907460987,0.626645063713113,8.43946152182686,-0.104404256043604
0.095984476110427,0.398500139516467,8.56563736605504,5.2343275427953,-0.306163766558337
0.0801442224711467,0.731306109970422,0.0125969061971677,9.40283372043181,0.11203669913454
0.237664294467587,0.772205326839401,4.88300073292731,0.0436599861983986,-0.432029626555647
0.39159404232184,0.96438830397389,8.21460821587499,0.530352320584507,-0.345274940503712
0.360387048267159,0.0504421312146282,2.42927131947342,5.58586568252828,0.155505168175862
0.761795335871377,0.212010325310363,8.46097847284308,2.89627178340567,-0.329460607661929
0.179925107082104,0.968469833040724,5.83449794424481,0.67499337667547,-0.488298254649407
0.00738434214276896,0.747516943347022,2.23842048772054,6.11567982731641,-0.109318121416805
0.608867140785468,0.259476250826228,0.833015245376732,8.5735198011177,0.446143210095092
0.4931460638982,0.994587675622241,8.96898516038988,0.353835072801922,0.258420521794847
0.639657994134812,0.0817914131995748,8.56771243179727,4.34971282454294,0.149017503466459
0.0520900074908254,0.538291607640144,3.90762619075184,0.492104207049859,0.495223620513211
0.0280728942879696,0.911837211265546,2.63402616750858,6.18010004593646,0.310571276733024
0.711079093337631,0.0412327118323285,2.00729962736462,7.17278185052415,-0.437948216366437
0.334468431842203,0.658400008966848,3.2702224206021,7.3153735793907,0.24309809522483
0.607950691176828,0.203733515184588,5.3446640785919,0.068633875340818,0.155259578445775
0.0539301749101832,0.676335657836148,8.0683266082672,0.248536163323983,0.201388655951533
0.656303563751717,0.341386550012259,7.37263220182413,3.95334980475683,-0.443433954845328
0.876255947631952,0.407947915365724,2.9721563864671,8.66225031745764,-0.363811461841822
0.662519613099614,0.23730263779905,8.48737576270047,1.15357003931079,-0.267677455010672
0.0681455058582931,0.936117004516976,1.0981874948757,9.97452750603342,0.210432779351472
0.658629928997973,0.96959507482353,0.126713978958792,8.55643298250854,-0.257612200452879
0.478751355279542,0.95963995909206,9.18100867760237,2.91957657963433,-0.158515279076869
0.851649685825329,0.000826862338365741,3.40556870183143,7.57479510978239,0.146992441828151
0.782177671327707,0.339963926729738,9.08188466682018,0.100634105473821,0.155565877213028
0.0769181556345336,0.51948948527564,6.38498877871272,0.979622842775327,0.472006835361729
0.681571239555317,0.0677677086306684,9.38019368178583,3.10574645520814,0.256271334013197
0.9925910456913,0.362492600250228,5.72149183959016,1.4686661375099,0.336175143384478
0.295304176001541,0.642137649264168,9.63967787244653,5.20726933048336,0.339863741127205
0.60356647064784,0.129164463523656,5.35535351412235,9.84308747933884,0.349386643375604
0.990058654852681,0.60394920050043,3.28676149902902,7.88555138233953,-0.230891020013126
0.888222503387409,0.00358337200777695,0.976408994468729,9.45777836671536,-0.288358010417286
0.0306033050110504,0.912712003224505,2.08597800474656,8.73867332497842,-0.403889195086239
0.0402708252207584,0.681800030872871,3.69103948199409,9.01305702035111,0.202287990347678
0.472492144028916,0.971692996151534,2.77152345794414,5.89275108574644,0.408581931364428
0.562406617551172,0.0280589496709904,2.56069268030037,5.83532853957441,0.1720775386954
0.607591494508969,0.00662985371606502,7.98924487582862,0.0587279390059926,0.254363134288281
0.1729329766665,0.654152446384911,5.94197167268852,1.67701119311638,-0.245120886997701
0.591026199087499,0.988773118488193,7.7763596591562,2.11004683386689,-0.168883861593294
0.350366318343962,0.71014368963502,3.51592528021958,9.06603847195136,0.443724649322019
0.689729590948902,0.14325165641407,2.83579169251434,8.24716027019567,0.351630937657242
0.0628640632390876,0.945063555485293,0.25945417579354,5.75581306822679,0.120539773379083
0.0779925245844666,0.931565615793507,9.40796874341541,2.59835500510469,0.456048649208383
0.512533911464906,0.160098042771763,8.55839114241899,2.81724413184861,0.38518809790157
0.742026692333731,0.292657895815084,8.23835411884469,0.829698546680503,0.125008816854945
0.183976585181157,0.496770229518346,1.40713770994584,4.43499806676844,0.200470446124292
0.226025520247041,0.677474405092268,8.66512115276161,4.13877465805208,0.344990303334233
0.214211426020934,0.514812923032928,5.45495707810529,0.457069157624236,0.3553236886028
0.176285640633852,0.611075294518979,9.51709497576348,6.01632454050459,-0.10424012618048
0.097912677076802,0.779402013649773,9.17883269699406,1.04071971923251,-0.220638251471953
0.20330868090372,0.69913981346757,5.35587180913429,2.07717083853192,0.279828684528105
0.664745291722051,0.283914113112328,5.7930528048011,1.64755948087781,-0.309346957784383
0.887685382323694,0.0703715827517566,1.89207037975204,8.58801292642289,0.407980342999308
0.503298967395616,0.00940358350670627,0.124599142343188,8.32541303009902,0.203668577953594
0.629993349058612,0.0635177178566308,3.75926890442677,0.343248868660414,-0.283691078261452
0.834080630849314,0.353468308113852,1.65746377117187,7.10429887768147,-0.461381324905033
0.747143908839546,0.207572679744681,8.24732377377764,3.40302947636189,-0.173629977350393
0.626491076318155,0.0184771302424921,7.38685306774367,3.3114775058979,0.204037338117619
0.000665896901596211,0.822258365103968,2.10971517145884,6.08214884227539,-0.382181944156921
0.530722526999383,0.954345532163332,1.03946375061507,9.27454139004337,-0.218104432351283
0.325242837661523,0.882757077903643,3.71309687939891,0.534046018083495,-0.174813534114453
0.80010664890464,0.369128729111219,7.60351471711319,2.80894249191373,-0.240443161025608
0.911648099161579,0.354423838582384,2.40954999754415,8.15003729336109,-0.168008972741328
0.974853681704885,0.239470491143655,5.88527717828789,9.28385818439832,0.11241716638761
0.362966411839438,0.698817089511699,1.66334816995775,9.91466800711892,0.349016584668445
0.186619932176068,0.664388333398509,7.69862358409288,3.13646428899392,0.381278253200995
0.95661559573578,0.0201892200520049,8.73211663981223,2.03857484877084,0.198821974861282
0.610586648999681,0.957554121758415,7.09691349182352,0.230755967529753,0.422022432050173
0.753031953343647,0.319048043207035,1.11718754091465,4.92700433829174,-0.149478379731911
0.941511590677313,0.120363395057483,8.30697586549016,1.74651557451385,-0.104573424094321
0.546119395909941,0.209433729644298,4.76922911519471,1.05026284632188,0.481751342760229
0.700012191449448,0.235667275754555,5.46357520318144,0.554729699173004,-0.438543616123952
0.569525183324385,0.195783629412935,9.73853388985713,3.26636619646893,-0.445707360846302
0.392584849772606,0.90660991921238,0.890864526691833,6.36182855365378,-0.168895604706978
0.255195161650004,0.927416175935884,0.191216655848385,4.88459943941829,-0.142731820712742
0.142902917738419,0.545484701820038,7.24443862561758,3.69072201603165,-0.421389267974526
0.413424515529499,0.847542392834405,5.71185762666815,9.63717338100878,0.423125882007072
0.132167426731408,0.668579351037739,7.52017332324998,3.74776728744965,-0.495756146136949
0.930607465762045,0.210140189890752,8.36494078478461,0.886092416314476,0.460779161828219
0.763044001419958,0.259045332141584,0.645845054808882,7.02555470172711,-0.302760166781227
0.0249177703957806,0.356174621670213,3.91750645663754,9.54513504932592,-0.425427170126494
0.300693524536773,0.838746642463133,6.38535275917171,1.77135933670959,-0.130860460831699
0.0570944026786603,0.941783552042013,0.608176205176099,9.16525146106177,0.374896743841876
0.774856558564903,0.403022686232773,3.56830485236711,6.64666123095735,0.275852015384427
0.088463864674749,0.602208166196786,4.61239320693641,1.58251729023471,0.188072753371523
0.344658799360844,0.987978255642498,6.29997045692698,0.871868603741158,0.465634019683235
0.765270920873808,0.0381215474346026,0.993566991515554,9.58441892129546,-0.146847885929547
0.419024604728636,0.0566824713349804,6.97747351818184,3.08965037000757,-0.34057558147634
0.399079377182357,0.771114002004525,7.06336475137829,2.58547971831534,-0.363764554647406
0.615951829148172,0.0434076167642515,7.33205228604824,4.14371266487858,-0.39044760569436
0.874730923297356,0.371836707245035,0.412552312226652,6.44917054197587,0.133935956408025
0.954894451825262,0.492513528500093,8.21340898324332,2.73125697335034,-0.492045893328013
0.529083935812384,0.0748726468525134,1.02785948704814,8.01470393099902,-0.219187218120329
0.778455223702816,0.0738889708214792,4.5464564222222,9.83834930913253,-0.158721795510326
0.967117214383093,0.0383349197904161,2.18464717577104,8.71462961565939,-0.168692128934194
0.0854954883697901,0.739852010338732,8.26182645671276,3.87450672094368,0.376412941551456
0.584661105712314,0.0209740059045118,0.496852432982844,6.74223629169983,-0.169091176521767
0.718491102515018,0.150825478805412,1.04643267578944,9.26848736701895,0.299172560251453
0.697829084655232,0.38388966596076,1.0423609023296,4.13521510060755,-0.22486661474726
0.85850594516663,0.550102057026728,8.10126929604395,2.46707915843374,0.155442185213739
0.230096792231021,0.869986027869177,1.29403263948122,6.04839372215775,-0.236983892758067
0.739828342720073,0.058247941204244,5.04452718119425,0.643361910022297,0.375906542339222
0.277216441263898,0.934551465254124,4.84822284602594,9.12650289441076,-0.295251495493868
0.381632118845145,0.896368748548589,2.22745572792224,6.11029757625998,0.199830879564365
0.122633435171423,0.760054785925195,8.96487940145449,0.0637642515512236,0.256267690978934
0.893177950823588,0.0619918390047827,1.95906514171189,6.97508683088428,-0.364989652479925
0.245057442589866,0.825301570029563,6.7767294638454,1.71411665788443,0.358062126293386
0.100065286369057,0.604966518815363,0.686866821069171,8.18745750963721,-0.313979010603682
0.545402553799557,0.861438016171667,9.91052018039934,0.567326324639509,-0.404058229301086
0.777825777441871,0.115259058847999,6.78422499914972,0.246129008460905,0.378695576091141
0.112845624993436,0.59042570784834,5.82882457885061,2.08869940511313,-0.18794590053772
0.174402115801812,0.559645703273768,8.88441000433912,2.15485945220133,-0.195352629937556
0.00717814375082571,0.391827703719696,0.75456434031131,9.74220638519424,0.115935126501493
0.554475304781356,0.077645326284394,8.02908664162386,3.19716134899969,-0.16577007551852
0.518904183705715,0.872437780026575,2.91972996781416,6.37677412207926,0.367232166264499
0.887398195595207,0.367811313783555,5.90240488285641,0.817772866923601,-0.483801461519917
0.0292490114108644,0.698535472243624,2.5356400364898,5.97115363436736,-0.468682665617794
0.568311964450088,0.0254123376728589,6.62000025359882,0.940615773400115,-0.458067953419192
0.99333302648373,0.299569487479407,4.41200064073292,0.176178153015407,0.376225159005724
0.0477004573243144,0.400846452099293,7.40714522255945,1.05136471923542,0.304676714932057
0.01430759073359,0.571845735042404,1.19044701295618,9.42033158397737,0.318628684159431
0.0919254608684928,0.87857179683683,0.087978771683465,5.95792954893847,-0.219766980313921
0.779928995811442,0.455619875860442,2.26703616590616,5.9837816324862,0.25981852835043
0.876179439751675,0.0931705968051593,6.40717079749571,2.095276301128,-0.270177538167976
0.157766697542733,0.561727587765675,2.13336170498171,8.23809600188911,-0.210140991372416
0.342594208951173,0.646284740787168,3.20061106367499,9.81446455515784,0.281072218724823
0.120281093039205,0.595170088698041,9.01669024228027,2.98948336628545,0.279596998850899
0.215146296394309,0.979944473431811,0.662903783175881,6.55324530183689,-0.1683862295536
0.00807493676479423,0.88801841415016,7.74223838218485,0.793703319578466,-0.498921049054842
0.384566412636493,0.701263507746613,1.07540466557073,6.29777273940662,-0.333140859040506
0.77816160813694,0.118500075688223,0.043116150818471,4.22317669811784,0.28852509220499
0.619676077493694,0.204850301312158,1.01957633362037,7.41326235404729,-0.453639507368752
0.882948127803887,0.492016264100243,2.3435579762723,8.93034299060058,0.337135825659064
0.848637074943241,0.0533924716379796,7.75470809042668,2.67818234509681,0.426144657658579
0.798454762311451,0.369829454430011,7.88713291903138,3.81512924552652,0.302389323985936
0.460948858462707,0.140885070050301,0.857185961679789,9.31114860097141,0.311414787113433
0.623755396095406,0.985518762302644,7.82494676480853,2.65689831478865,-0.131533190709137
0.0626257450319463,0.383974248109858,3.84911445623506,8.67934411789186,-0.267041451397906
0.0965928626564398,0.461195158356251,9.78875197646608,5.53071856945439,0.246062908132086
0.668314170876069,0.16037919859985,0.398610623553054,4.75702456181405,0.21869144001437
0.349614408886728,0.691705228057199,2.86178580610824,6.34200319304714,0.158411819845457
0.825949802519737,0.28682438625225,4.53123976860565,1.25999539088986,0.217991324428092
0.754192319647007,0.242817311717624,9.07571793786313,4.82443751489638,0.114614830055202
0.0694488317350868,0.617438517259857,6.81493919427381,2.49617093083909,-0.352942964656503
0.11060599337258,0.978195641982553,8.28126490906861,4.09245573684838,-0.410275315695635
0.495154591436319,0.901137749469386,9.30679339297672,2.36159610436052,-0.125137697238438
0.722662122155119,0.33624961989924,2.8123184870081,7.15387531558191,-0.343930116959523
0.680020822912932,0.220966042680445,0.873372475089363,7.27105828289011,-0.497318826764836
0.841351965876158,0.441777847217355,9.877655419328,1.093267478643,-0.435766443228273
0.037547435881819,0.452043673544562,9.57936297211469,1.72406542524494,0.147185016900618
0.603207093803408,0.909779943721879,1.87368601701055,6.39976622556779,0.129298893161623
0.0334537362539725,0.603084503943172,0.166568913955828,3.68605119524725,-0.338382927234115
0.0612670606194617,0.852457494520348,8.79010023387638,1.55498796670142,-0.279319141701161
0.216018753363806,0.906030611479605,9.98227796074491,0.546405106301828,0.29627283222538
0.662411498190047,0.064759463726504,1.10948295554794,5.15556881976542,-0.486985029804386
0.37277833294981,0.0727563808815522,2.69947997953698,7.53686859855577,-0.408695562734174
0.360901472395038,0.866161088363142,0.179735467426943,9.63935637408564,-0.415466568566973
0.978924627661078,0.0206294127609167,0.179391487609486,6.27111950088883,-0.395071355107319
